":START_ID",":END_ID",":TYPE"
"1","2","NEXT_CHUNK"
"2","3","NEXT_CHUNK"
"3","4","NEXT_CHUNK"
"4","5","NEXT_CHUNK"
"5","6","NEXT_CHUNK"
"6","7","NEXT_CHUNK"
"7","8","NEXT_CHUNK"
"8","9","NEXT_CHUNK"
"9","10","NEXT_CHUNK"
"10","11","NEXT_CHUNK"
"11","12","NEXT_CHUNK"
"12","13","NEXT_CHUNK"
"13","14","NEXT_CHUNK"
"14","15","NEXT_CHUNK"
"15","16","NEXT_CHUNK"
"16","17","NEXT_CHUNK"
"17","18","NEXT_CHUNK"
"18","19","NEXT_CHUNK"
"19","20","NEXT_CHUNK"
"20","21","NEXT_CHUNK"
"21","22","NEXT_CHUNK"
"22","23","NEXT_CHUNK"
"23","24","NEXT_CHUNK"
"24","25","NEXT_CHUNK"
"25","26","NEXT_CHUNK"
"26","27","NEXT_CHUNK"
"232","233","NEXT_CHUNK"
"233","234","NEXT_CHUNK"
"234","235","NEXT_CHUNK"
"235","236","NEXT_CHUNK"
"236","237","NEXT_CHUNK"
"237","238","NEXT_CHUNK"
"238","239","NEXT_CHUNK"
"239","240","NEXT_CHUNK"
"240","241","NEXT_CHUNK"
"241","242","NEXT_CHUNK"
"242","243","NEXT_CHUNK"
"243","244","NEXT_CHUNK"
"244","245","NEXT_CHUNK"
"245","246","NEXT_CHUNK"
"246","247","NEXT_CHUNK"
"247","248","NEXT_CHUNK"
"248","249","NEXT_CHUNK"
"249","250","NEXT_CHUNK"
"250","251","NEXT_CHUNK"
"251","252","NEXT_CHUNK"
"252","253","NEXT_CHUNK"
"253","254","NEXT_CHUNK"
"254","255","NEXT_CHUNK"
"255","256","NEXT_CHUNK"
"256","257","NEXT_CHUNK"
"257","258","NEXT_CHUNK"
"258","259","NEXT_CHUNK"
"259","260","NEXT_CHUNK"
"260","261","NEXT_CHUNK"
"261","262","NEXT_CHUNK"
"262","263","NEXT_CHUNK"
"263","264","NEXT_CHUNK"
"264","265","NEXT_CHUNK"
"265","266","NEXT_CHUNK"
"266","267","NEXT_CHUNK"
"267","268","NEXT_CHUNK"
"268","269","NEXT_CHUNK"
"269","270","NEXT_CHUNK"
"270","271","NEXT_CHUNK"
"271","272","NEXT_CHUNK"
"272","273","NEXT_CHUNK"
"273","274","NEXT_CHUNK"
"274","275","NEXT_CHUNK"
"275","276","NEXT_CHUNK"
"276","277","NEXT_CHUNK"
"277","278","NEXT_CHUNK"
"278","279","NEXT_CHUNK"
"279","280","NEXT_CHUNK"
"280","281","NEXT_CHUNK"
"281","282","NEXT_CHUNK"
"282","283","NEXT_CHUNK"
"283","284","NEXT_CHUNK"
"284","285","NEXT_CHUNK"
"285","286","NEXT_CHUNK"
"286","287","NEXT_CHUNK"
"287","288","NEXT_CHUNK"
"288","289","NEXT_CHUNK"
"289","290","NEXT_CHUNK"
"290","291","NEXT_CHUNK"
"291","292","NEXT_CHUNK"
"292","293","NEXT_CHUNK"
"293","294","NEXT_CHUNK"
"294","295","NEXT_CHUNK"
"295","296","NEXT_CHUNK"
"296","297","NEXT_CHUNK"
"297","298","NEXT_CHUNK"
"298","299","NEXT_CHUNK"
"299","300","NEXT_CHUNK"
"300","301","NEXT_CHUNK"
"301","302","NEXT_CHUNK"
"302","303","NEXT_CHUNK"
"766","767","NEXT_CHUNK"
"767","768","NEXT_CHUNK"
"768","769","NEXT_CHUNK"
"769","770","NEXT_CHUNK"
"770","771","NEXT_CHUNK"
"771","772","NEXT_CHUNK"
"772","773","NEXT_CHUNK"
"773","774","NEXT_CHUNK"
"774","775","NEXT_CHUNK"
"775","776","NEXT_CHUNK"
"776","777","NEXT_CHUNK"
"777","778","NEXT_CHUNK"
"778","779","NEXT_CHUNK"
"779","780","NEXT_CHUNK"
"780","781","NEXT_CHUNK"
"781","782","NEXT_CHUNK"
"782","783","NEXT_CHUNK"
"783","784","NEXT_CHUNK"
"784","785","NEXT_CHUNK"
"785","786","NEXT_CHUNK"
"786","787","NEXT_CHUNK"
"787","788","NEXT_CHUNK"
"788","789","NEXT_CHUNK"
"789","790","NEXT_CHUNK"
"790","791","NEXT_CHUNK"
"791","792","NEXT_CHUNK"
"792","793","NEXT_CHUNK"
"793","794","NEXT_CHUNK"
"794","795","NEXT_CHUNK"
"795","796","NEXT_CHUNK"
"796","797","NEXT_CHUNK"
"797","798","NEXT_CHUNK"
"798","799","NEXT_CHUNK"
"799","800","NEXT_CHUNK"
"800","801","NEXT_CHUNK"
"801","802","NEXT_CHUNK"
"802","803","NEXT_CHUNK"
"803","804","NEXT_CHUNK"
"804","805","NEXT_CHUNK"
"805","806","NEXT_CHUNK"
"806","807","NEXT_CHUNK"
"807","808","NEXT_CHUNK"
"808","809","NEXT_CHUNK"
"809","810","NEXT_CHUNK"
"810","811","NEXT_CHUNK"
"811","812","NEXT_CHUNK"
"812","813","NEXT_CHUNK"
"813","814","NEXT_CHUNK"
"814","815","NEXT_CHUNK"
"815","816","NEXT_CHUNK"
"816","817","NEXT_CHUNK"
"817","818","NEXT_CHUNK"
"818","819","NEXT_CHUNK"
"819","820","NEXT_CHUNK"
"820","821","NEXT_CHUNK"
"821","822","NEXT_CHUNK"
"822","823","NEXT_CHUNK"
"823","824","NEXT_CHUNK"
"824","825","NEXT_CHUNK"
"825","826","NEXT_CHUNK"
"826","827","NEXT_CHUNK"
"827","828","NEXT_CHUNK"
"828","829","NEXT_CHUNK"
"829","830","NEXT_CHUNK"
"830","831","NEXT_CHUNK"
"831","832","NEXT_CHUNK"
"832","833","NEXT_CHUNK"
"833","834","NEXT_CHUNK"
"834","835","NEXT_CHUNK"
"835","836","NEXT_CHUNK"
"836","837","NEXT_CHUNK"
"837","838","NEXT_CHUNK"
"838","839","NEXT_CHUNK"
"839","840","NEXT_CHUNK"
"840","841","NEXT_CHUNK"
"841","842","NEXT_CHUNK"
"842","843","NEXT_CHUNK"
"843","844","NEXT_CHUNK"
"844","845","NEXT_CHUNK"
"845","846","NEXT_CHUNK"
"846","847","NEXT_CHUNK"
"847","848","NEXT_CHUNK"
"848","849","NEXT_CHUNK"
"849","850","NEXT_CHUNK"
"850","851","NEXT_CHUNK"
"851","852","NEXT_CHUNK"
"852","853","NEXT_CHUNK"
"853","854","NEXT_CHUNK"
"854","855","NEXT_CHUNK"
"855","856","NEXT_CHUNK"
"856","857","NEXT_CHUNK"
"857","858","NEXT_CHUNK"
"858","859","NEXT_CHUNK"
"859","860","NEXT_CHUNK"
"860","861","NEXT_CHUNK"
"861","862","NEXT_CHUNK"
"862","863","NEXT_CHUNK"
"863","864","NEXT_CHUNK"
"1515","1516","NEXT_CHUNK"
"1516","1517","NEXT_CHUNK"
"1517","1518","NEXT_CHUNK"
"1518","1519","NEXT_CHUNK"
"1519","1520","NEXT_CHUNK"
"1520","1521","NEXT_CHUNK"
"1521","1522","NEXT_CHUNK"
"1522","1523","NEXT_CHUNK"
"1523","1524","NEXT_CHUNK"
"1524","1525","NEXT_CHUNK"
"1525","1526","NEXT_CHUNK"
"1526","1527","NEXT_CHUNK"
"1527","1528","NEXT_CHUNK"
"1528","1529","NEXT_CHUNK"
"1529","1530","NEXT_CHUNK"
"1530","1531","NEXT_CHUNK"
"1531","1532","NEXT_CHUNK"
"1532","1533","NEXT_CHUNK"
"1533","1534","NEXT_CHUNK"
"1534","1535","NEXT_CHUNK"
"1535","1536","NEXT_CHUNK"
"1536","1537","NEXT_CHUNK"
"1537","1538","NEXT_CHUNK"
"1538","1539","NEXT_CHUNK"
"1539","1540","NEXT_CHUNK"
"1540","1541","NEXT_CHUNK"
"1541","1542","NEXT_CHUNK"
"1542","1543","NEXT_CHUNK"
"1543","1544","NEXT_CHUNK"
"1544","1545","NEXT_CHUNK"
"1545","1546","NEXT_CHUNK"
"1546","1547","NEXT_CHUNK"
"1798","1799","NEXT_CHUNK"
"1799","1800","NEXT_CHUNK"
"1800","1801","NEXT_CHUNK"
"1801","1802","NEXT_CHUNK"
"1802","1803","NEXT_CHUNK"
"1803","1804","NEXT_CHUNK"
"1804","1805","NEXT_CHUNK"
"1805","1806","NEXT_CHUNK"
"1806","1807","NEXT_CHUNK"
"1807","1808","NEXT_CHUNK"
"1808","1809","NEXT_CHUNK"
"1809","1810","NEXT_CHUNK"
"1810","1811","NEXT_CHUNK"
"1811","1812","NEXT_CHUNK"
"1812","1813","NEXT_CHUNK"
"1813","1814","NEXT_CHUNK"
"1814","1815","NEXT_CHUNK"
"1815","1816","NEXT_CHUNK"
"1816","1817","NEXT_CHUNK"
"1817","1818","NEXT_CHUNK"
"1818","1819","NEXT_CHUNK"
"1819","1820","NEXT_CHUNK"
"1820","1821","NEXT_CHUNK"
"1821","1822","NEXT_CHUNK"
"1822","1823","NEXT_CHUNK"
"1823","1824","NEXT_CHUNK"
"1824","1825","NEXT_CHUNK"
"1825","1826","NEXT_CHUNK"
"1826","1827","NEXT_CHUNK"
"1827","1828","NEXT_CHUNK"
"1828","1829","NEXT_CHUNK"
"1829","1830","NEXT_CHUNK"
"1830","1831","NEXT_CHUNK"
"1831","1832","NEXT_CHUNK"
"1832","1833","NEXT_CHUNK"
"1833","1834","NEXT_CHUNK"
"1834","1835","NEXT_CHUNK"
"1835","1836","NEXT_CHUNK"
"1836","1837","NEXT_CHUNK"
"1837","1838","NEXT_CHUNK"
"1838","1839","NEXT_CHUNK"
"1839","1840","NEXT_CHUNK"
"1840","1841","NEXT_CHUNK"
"1841","1842","NEXT_CHUNK"
"1842","1843","NEXT_CHUNK"
"1843","1844","NEXT_CHUNK"
"1844","1845","NEXT_CHUNK"
"1845","1846","NEXT_CHUNK"
"2244","2245","NEXT_CHUNK"
"2245","2246","NEXT_CHUNK"
"2246","2247","NEXT_CHUNK"
"2247","2248","NEXT_CHUNK"
"2264","2265","NEXT_CHUNK"
"2265","2266","NEXT_CHUNK"
"2266","2267","NEXT_CHUNK"
"2267","2268","NEXT_CHUNK"
"2268","2269","NEXT_CHUNK"
"2269","2270","NEXT_CHUNK"
"2270","2271","NEXT_CHUNK"
"2271","2272","NEXT_CHUNK"
"2272","2273","NEXT_CHUNK"
"2273","2274","NEXT_CHUNK"
"2274","2275","NEXT_CHUNK"
"2275","2276","NEXT_CHUNK"
"2276","2277","NEXT_CHUNK"
"2277","2278","NEXT_CHUNK"
"2278","2279","NEXT_CHUNK"
"2279","2280","NEXT_CHUNK"
"2280","2281","NEXT_CHUNK"
"2281","2282","NEXT_CHUNK"
"2282","2283","NEXT_CHUNK"
"2283","2284","NEXT_CHUNK"
"2284","2285","NEXT_CHUNK"
"2285","2286","NEXT_CHUNK"
"2286","2287","NEXT_CHUNK"
"2287","2288","NEXT_CHUNK"
"2288","2289","NEXT_CHUNK"
"2289","2290","NEXT_CHUNK"
"2290","2291","NEXT_CHUNK"
"2291","2292","NEXT_CHUNK"
"2292","2293","NEXT_CHUNK"
"2293","2294","NEXT_CHUNK"
"2294","2295","NEXT_CHUNK"
"2295","2296","NEXT_CHUNK"
"2296","2297","NEXT_CHUNK"
"2297","2298","NEXT_CHUNK"
"2298","2299","NEXT_CHUNK"
"2299","2300","NEXT_CHUNK"
"2300","2301","NEXT_CHUNK"
"2301","2302","NEXT_CHUNK"
"2302","2303","NEXT_CHUNK"
"2303","2304","NEXT_CHUNK"
"2304","2305","NEXT_CHUNK"
"2305","2306","NEXT_CHUNK"
"2306","2307","NEXT_CHUNK"
"2307","2308","NEXT_CHUNK"
"2308","2309","NEXT_CHUNK"
"2309","2310","NEXT_CHUNK"
"2310","2311","NEXT_CHUNK"
"2311","2312","NEXT_CHUNK"
"2312","2313","NEXT_CHUNK"
"2313","2314","NEXT_CHUNK"
"2314","2315","NEXT_CHUNK"
"2315","2316","NEXT_CHUNK"
"2316","2317","NEXT_CHUNK"
"2317","2318","NEXT_CHUNK"
"2318","2319","NEXT_CHUNK"
"2319","2320","NEXT_CHUNK"
"2320","2321","NEXT_CHUNK"
"2321","2322","NEXT_CHUNK"
"2322","2323","NEXT_CHUNK"
"2323","2324","NEXT_CHUNK"
"2656","2657","NEXT_CHUNK"
"2657","2658","NEXT_CHUNK"
"2658","2659","NEXT_CHUNK"
"2659","2660","NEXT_CHUNK"
"2660","2661","NEXT_CHUNK"
"2661","2662","NEXT_CHUNK"
"2662","2663","NEXT_CHUNK"
"2663","2664","NEXT_CHUNK"
"2664","2665","NEXT_CHUNK"
"2665","2666","NEXT_CHUNK"
"2666","2667","NEXT_CHUNK"
"2667","2668","NEXT_CHUNK"
"2668","2669","NEXT_CHUNK"
"2669","2670","NEXT_CHUNK"
"2670","2671","NEXT_CHUNK"
"2671","2672","NEXT_CHUNK"
"2672","2673","NEXT_CHUNK"
"2673","2674","NEXT_CHUNK"
"2674","2675","NEXT_CHUNK"
"2675","2676","NEXT_CHUNK"
"2676","2677","NEXT_CHUNK"
"2677","2678","NEXT_CHUNK"
"2678","2679","NEXT_CHUNK"
"2679","2680","NEXT_CHUNK"
"2680","2681","NEXT_CHUNK"
"2681","2682","NEXT_CHUNK"
"2682","2683","NEXT_CHUNK"
"2683","2684","NEXT_CHUNK"
"2684","2685","NEXT_CHUNK"
"2685","2686","NEXT_CHUNK"
"2686","2687","NEXT_CHUNK"
"2687","2688","NEXT_CHUNK"
"2688","2689","NEXT_CHUNK"
"2689","2690","NEXT_CHUNK"
"2690","2691","NEXT_CHUNK"
"2691","2692","NEXT_CHUNK"
"2692","2693","NEXT_CHUNK"
"2693","2694","NEXT_CHUNK"
"2694","2695","NEXT_CHUNK"
"2695","2696","NEXT_CHUNK"
"2696","2697","NEXT_CHUNK"
"2697","2698","NEXT_CHUNK"
"2698","2699","NEXT_CHUNK"
